"COMPACTNESS","CIRCULARITY","DISTANCE_CIRCULARITY","RADIUS_RATIO","PR.AXIS_ASPECT_RATIO","MAX.LENGTH_ASPECT_RATIO","SCATTER_RATIO","ELONGATEDNESS","PR.AXIS_RECTANGULARITY","MAX.LENGTH_RECTANGULARITY","SCALED_VARIANCE_MAJOR","SCALED_VARIANCE_MINOR","SCALED_RADIUS_OF_GYRATION","SKEWNESS_ABOUT_MAJOR","SKEWNESS_ABOUT_MINOR","KURTOSIS_ABOUT_MAJOR","KURTOSIS_ABOUT_MINOR","HOLLOWS_RATIO","Class"
95,48,83,178,72,10,162,42,20,159,176,379,184,70,6,16,187,197,van
91,41,84,141,57,9,149,45,19,143,170,330,158,72,9,14,189,199,van
104,50,106,209,66,10,207,32,23,158,223,635,220,73,14,9,188,196,saab
93,41,82,159,63,9,144,46,19,143,160,309,127,63,6,10,199,207,van
85,44,70,205,103,52,149,45,19,144,241,325,188,127,9,11,180,183,bus
107,57,106,172,50,6,255,26,28,169,280,957,264,85,5,9,181,183,bus
97,43,73,173,65,6,153,42,19,143,176,361,172,66,13,1,200,204,bus
90,43,66,157,65,9,137,48,18,146,162,281,164,67,3,3,193,202,van
86,34,62,140,61,7,122,54,17,127,141,223,112,64,2,14,200,208,van
93,44,98,197,62,11,183,36,22,146,202,505,152,64,4,14,195,204,saab
86,36,70,143,61,9,133,50,18,130,153,266,127,66,2,10,194,202,van
90,34,66,136,55,6,123,54,17,118,148,224,118,65,5,26,196,202,saab
88,46,74,171,68,6,152,43,19,148,180,349,192,71,5,11,189,195,bus
89,42,85,144,58,10,152,44,19,144,173,345,161,72,8,13,187,197,van
94,49,79,203,71,5,174,37,21,154,196,465,206,71,6,2,197,199,bus
96,55,103,201,65,9,204,32,23,166,227,624,246,74,6,2,186,194,opel
89,36,51,109,52,6,118,57,17,129,137,206,125,80,2,14,181,185,van
99,41,77,197,69,6,177,36,21,139,202,485,151,72,4,10,198,199,bus
104,54,100,186,61,10,216,31,24,173,225,686,220,74,5,11,185,195,saab
101,56,100,215,69,10,208,32,24,169,227,651,223,74,6,5,186,193,opel
84,47,75,153,64,6,154,43,19,145,175,354,184,75,0,3,185,192,bus
84,37,53,121,59,5,123,55,17,125,141,221,133,82,7,1,179,183,van
94,43,64,173,69,7,150,43,19,142,169,344,177,68,9,1,199,206,bus
87,39,70,148,61,7,143,46,18,136,164,307,141,69,1,2,192,199,bus
99,53,105,219,66,11,204,32,23,165,221,623,224,68,0,6,191,201,saab
85,45,80,154,64,9,147,45,19,148,169,324,174,71,1,4,188,199,van
83,36,54,119,57,6,128,53,18,125,143,238,139,82,6,3,179,183,saab
107,54,98,203,65,11,218,31,25,167,229,696,216,72,1,28,187,199,saab
102,45,85,193,64,6,192,33,22,146,217,570,163,76,6,7,195,193,bus
80,38,63,129,55,7,146,46,19,130,168,314,158,83,9,20,180,185,saab
89,43,85,160,64,11,155,43,19,151,173,356,174,72,5,9,185,196,van
88,42,77,151,58,8,140,47,18,142,165,293,158,64,10,11,198,205,saab
93,35,66,154,59,6,142,46,18,128,162,304,120,64,5,13,197,202,opel
101,48,107,222,68,10,208,32,24,154,232,641,204,70,5,38,190,202,opel
87,38,85,177,61,8,164,40,20,129,186,402,130,63,1,25,198,205,opel
100,46,90,172,67,9,157,43,20,150,170,363,184,67,17,7,192,200,van
82,44,72,118,52,7,152,44,19,147,174,340,177,82,2,2,180,185,bus
90,48,86,306,126,49,153,44,19,156,272,346,200,118,0,15,185,194,van
106,53,98,176,54,10,216,31,24,171,235,691,218,74,1,9,187,197,saab
81,45,68,169,73,6,151,44,19,146,173,336,186,75,7,0,183,189,bus
95,48,104,214,67,9,205,32,23,151,227,628,202,74,5,9,186,193,opel
88,37,51,105,52,5,119,57,17,128,135,207,125,86,8,16,179,183,van
94,49,87,137,54,11,158,43,20,162,178,366,186,75,5,5,183,194,van
93,37,76,183,63,8,164,40,20,134,191,405,139,67,4,7,192,197,saab
119,54,106,220,65,12,213,31,24,167,223,675,232,66,20,1,192,202,saab
93,46,82,145,58,11,159,43,20,160,180,371,189,77,2,4,183,194,van
91,43,70,133,55,8,130,51,18,146,159,253,156,70,1,8,190,194,van
85,42,66,122,54,6,148,46,19,141,172,317,174,88,6,14,180,182,bus
89,47,81,147,64,11,156,44,20,163,170,352,188,76,6,13,184,193,van
91,45,79,176,59,9,163,40,20,148,184,404,179,62,0,10,199,208,saab
78,38,63,115,51,6,142,47,19,130,162,299,146,77,2,4,181,185,saab
92,38,71,174,66,7,154,43,19,133,181,355,130,70,4,24,189,195,saab
98,55,101,228,70,9,210,31,24,168,236,661,245,72,1,6,188,197,opel
101,42,62,175,67,6,149,43,19,139,169,341,165,65,7,11,202,209,bus
101,56,104,185,53,6,257,26,28,168,275,956,230,83,5,26,180,184,bus
94,36,66,151,61,8,133,50,18,135,154,265,119,62,9,3,201,208,van
97,44,96,195,63,9,185,36,22,144,202,512,165,66,4,8,191,199,saab
89,47,84,133,55,11,157,44,20,160,169,354,176,74,5,9,182,192,van
107,53,103,221,66,11,209,32,24,163,222,653,212,66,0,1,191,201,opel
85,39,68,119,52,5,128,53,18,135,148,241,142,75,8,8,182,187,van
103,50,98,212,63,9,193,34,22,161,214,567,185,64,5,5,198,204,opel
77,38,63,135,59,5,130,52,18,130,145,247,139,79,13,21,183,187,opel
96,40,70,120,50,8,137,50,18,141,162,269,139,80,10,13,183,183,van
83,42,66,156,67,7,150,45,19,144,174,333,159,78,4,2,182,188,bus
93,45,86,201,69,7,184,35,22,145,203,523,183,72,0,4,194,197,bus
89,41,75,143,56,7,146,46,19,137,170,317,156,76,18,5,184,188,opel
81,43,68,125,57,8,149,46,19,146,169,323,172,83,6,18,179,184,bus
98,55,101,219,69,11,225,30,25,178,231,748,216,74,6,14,187,195,opel
86,44,78,164,68,9,142,46,18,147,168,305,171,70,1,11,190,201,van
98,49,84,219,74,7,190,34,22,154,208,558,209,74,4,7,195,195,bus
96,55,98,161,54,10,215,31,24,175,226,683,221,76,3,6,185,193,opel
97,59,108,227,70,11,224,30,25,186,225,732,218,70,10,25,186,198,opel
92,39,91,191,62,8,176,37,21,137,196,466,151,67,3,23,192,200,opel
73,37,53,111,54,6,126,55,18,128,135,227,147,82,1,15,176,184,opel
89,42,89,147,61,11,151,44,19,145,170,338,163,72,11,23,187,199,van
101,53,103,203,63,9,195,34,22,162,210,571,210,68,5,5,191,198,opel
91,39,83,170,60,8,172,38,21,134,197,445,152,72,0,10,188,194,saab
86,40,62,140,62,7,150,45,19,133,165,330,173,82,2,3,180,185,saab
104,52,94,208,66,5,208,31,24,161,227,666,218,76,11,4,193,191,bus
89,44,68,113,50,7,150,45,19,147,171,328,189,88,6,5,179,182,bus
87,46,71,159,66,6,151,44,19,146,175,343,189,73,2,0,186,190,bus
99,51,92,203,65,5,209,31,24,159,232,671,214,78,5,11,191,189,bus
94,36,68,127,54,7,127,52,18,132,155,242,116,66,1,2,195,196,van
79,40,80,133,55,7,147,47,19,135,172,311,144,76,8,30,181,193,opel
89,40,76,188,76,7,150,44,19,136,174,342,148,72,3,8,193,197,bus
110,58,106,180,51,6,261,26,28,171,278,998,257,83,9,13,181,182,bus
89,41,84,141,58,9,149,45,19,145,172,330,162,72,4,18,188,200,van
86,37,60,115,54,5,119,56,17,132,141,209,129,72,2,8,186,190,van
91,42,84,209,75,6,171,38,20,138,189,446,161,69,3,12,196,201,bus
80,37,57,116,55,6,125,54,18,125,142,229,132,81,8,5,178,184,opel
104,55,107,222,68,11,218,31,24,173,232,703,229,71,3,10,188,199,saab
94,38,84,158,55,9,169,39,20,130,196,430,155,69,9,15,190,195,opel
104,52,100,191,59,9,197,33,23,158,218,583,234,70,10,10,191,198,saab
94,48,87,162,64,10,157,43,20,161,179,363,186,75,4,15,184,195,van
84,45,66,154,65,6,145,46,19,144,168,312,177,73,2,3,184,188,bus
97,50,108,211,65,10,214,31,24,156,232,683,218,72,7,29,188,197,opel
89,42,80,151,62,6,144,46,19,139,166,308,170,74,17,13,185,189,saab
86,43,68,152,62,7,150,44,19,142,179,337,164,75,4,9,188,192,bus
95,46,105,219,68,9,201,33,23,148,223,602,201,69,5,38,191,202,opel
87,44,65,124,56,6,149,46,19,144,170,321,171,87,4,12,179,182,bus
82,45,66,252,126,52,148,45,19,144,237,326,185,119,1,1,181,185,bus
95,42,85,174,66,9,153,44,19,144,168,347,150,65,11,5,196,204,van
94,42,68,150,64,7,128,52,18,143,154,246,159,69,14,5,192,196,van
92,38,60,130,62,5,114,58,17,132,135,194,137,72,14,5,190,194,van
102,45,83,198,65,5,194,33,22,146,225,576,167,79,0,27,193,191,bus
108,53,103,202,64,10,220,30,25,168,224,711,214,73,11,10,188,199,saab
99,46,105,209,64,11,197,34,23,152,212,575,159,65,0,33,194,205,opel
85,39,77,151,59,8,150,45,19,134,176,331,133,73,0,16,184,193,opel
80,44,68,135,59,8,150,45,19,145,170,329,173,80,7,12,180,185,bus
99,48,79,199,68,6,185,35,22,153,202,524,171,74,5,8,195,195,bus
89,40,77,159,65,9,144,46,19,141,168,314,143,70,0,5,190,200,van
94,48,83,162,64,10,156,43,19,153,177,357,187,74,4,14,185,196,van
77,38,75,144,59,6,147,46,19,132,167,315,136,80,16,20,181,187,opel
88,35,50,121,58,5,114,59,17,122,132,192,138,74,21,4,182,187,opel
93,43,85,133,54,10,155,44,19,153,174,351,165,75,12,13,184,196,van
95,47,88,162,64,11,159,43,20,157,176,371,185,71,12,13,189,198,van
100,45,100,209,65,8,201,32,23,147,231,611,189,72,5,5,189,195,opel
109,53,109,221,69,12,221,31,25,169,226,712,212,72,13,28,188,201,saab
85,43,64,128,56,8,150,46,19,144,168,324,173,82,9,14,180,184,bus
93,49,79,180,65,7,173,37,21,158,189,463,194,70,5,10,197,202,bus
89,37,54,119,53,5,134,50,18,127,151,266,146,79,16,14,184,185,saab
90,48,78,142,59,11,160,43,20,160,173,370,185,76,10,11,183,192,van
92,40,82,163,63,9,146,45,19,140,165,319,137,64,9,0,199,206,van
90,36,57,130,57,6,121,56,17,127,137,216,132,68,22,23,190,195,saab
85,45,71,150,63,8,143,46,19,147,171,307,179,72,2,3,187,196,van
90,46,80,143,62,11,159,43,20,156,169,366,186,74,17,7,185,193,van
89,42,70,148,62,7,147,45,19,143,176,323,153,76,2,6,186,189,bus
85,41,66,155,65,22,149,45,19,139,173,330,155,75,6,16,184,191,bus
97,45,88,173,67,10,157,43,20,157,173,365,157,67,8,12,192,200,van
100,48,95,209,68,7,199,32,23,150,216,605,200,73,7,11,192,194,bus
100,46,104,184,60,9,197,34,23,147,222,578,198,73,13,13,189,197,saab
86,36,77,165,60,7,150,45,19,128,174,331,131,66,0,32,196,203,saab
97,42,101,186,59,9,186,36,22,138,208,511,168,67,7,41,194,206,saab
98,39,68,121,49,7,134,51,18,142,164,261,134,75,4,1,186,186,van
102,54,100,163,53,10,213,31,24,173,219,669,201,76,12,27,187,195,opel
89,47,83,322,133,48,158,43,20,163,229,364,176,97,0,14,184,194,van
86,48,75,136,58,10,161,43,20,163,170,371,185,75,3,1,183,192,van
87,42,64,150,64,10,133,50,18,142,157,264,159,67,7,1,193,201,van
88,37,63,130,58,5,125,54,18,130,141,230,145,74,14,20,184,188,saab
91,42,80,162,66,8,148,44,19,145,171,331,147,70,3,5,189,199,van
90,37,80,171,58,9,157,42,20,132,172,373,115,60,3,18,201,209,saab
81,42,63,125,55,8,149,46,19,145,166,320,172,86,7,7,179,182,bus
106,49,107,194,57,11,214,31,24,161,224,670,172,67,0,39,192,206,opel
80,43,68,120,54,8,150,45,19,145,171,329,176,85,4,8,179,183,bus
95,45,80,186,62,7,164,40,20,145,188,406,178,65,11,18,199,204,opel
103,54,107,218,64,12,222,30,25,174,221,728,199,67,0,18,189,200,opel
100,46,85,164,64,11,163,42,20,163,176,387,170,71,18,0,189,196,van
91,40,76,171,67,7,149,44,19,135,169,332,144,68,4,17,192,200,bus
90,43,72,172,59,8,154,42,19,144,174,360,158,61,15,9,203,209,saab
93,36,64,165,69,8,136,49,18,136,161,279,127,67,2,29,193,204,van
104,50,96,211,65,10,187,35,22,156,207,527,195,65,3,7,195,206,saab
94,44,84,216,74,6,184,35,22,145,208,525,154,73,4,22,196,197,bus
93,35,72,172,62,7,149,44,19,124,169,334,125,62,5,30,203,210,opel
106,49,106,211,64,9,208,32,24,158,224,645,184,68,1,24,190,202,saab
89,40,79,154,64,9,144,46,19,139,168,311,149,71,8,7,188,197,van
110,56,103,223,64,5,250,26,27,169,280,928,239,85,4,6,184,183,bus
85,36,78,149,55,7,147,45,19,128,168,321,134,64,10,24,197,203,opel
93,42,70,131,56,7,127,53,18,145,156,240,152,74,5,4,189,190,van
87,39,74,152,58,6,151,44,19,136,174,337,140,70,1,33,187,196,saab
91,45,75,154,57,6,150,44,19,146,170,335,180,66,16,2,193,198,opel
82,38,53,125,59,5,133,51,18,128,152,259,146,87,0,0,177,183,opel
107,52,101,218,64,11,202,33,23,164,219,610,192,65,17,2,197,206,opel
98,39,81,191,64,9,166,40,20,138,184,415,131,62,8,19,197,205,saab
85,40,72,139,59,5,132,50,18,135,159,260,150,68,3,9,191,195,saab
98,54,104,186,59,10,213,32,24,172,223,665,217,73,1,26,186,195,opel
103,54,91,179,57,11,220,31,25,170,220,707,198,72,1,32,186,198,opel
92,36,78,165,57,8,153,43,19,128,169,349,124,60,4,19,203,211,saab
110,51,104,191,57,12,213,31,24,162,226,674,190,68,18,2,191,199,saab
82,45,68,139,64,6,147,46,19,143,169,320,184,80,0,1,181,184,bus
98,38,70,125,52,8,130,53,18,139,157,243,132,74,0,13,186,185,van
108,51,103,197,60,11,211,31,24,160,222,661,187,67,7,3,190,200,opel
106,54,103,161,47,4,247,27,27,166,266,892,242,85,4,11,181,183,bus
94,45,81,166,67,9,145,46,19,147,164,313,179,66,11,14,194,202,van
96,49,98,187,59,6,213,31,24,152,228,680,210,77,8,28,188,189,bus
93,48,84,150,63,11,156,44,20,165,171,354,188,73,8,15,185,195,van
88,40,78,186,73,6,158,41,20,134,185,379,148,73,1,11,193,197,bus
84,39,90,180,60,7,177,37,21,131,209,469,145,71,4,38,190,198,opel
89,44,72,160,66,7,144,46,19,147,166,312,169,69,11,1,191,198,bus
93,37,73,174,68,7,151,43,19,131,175,347,135,68,1,22,196,205,bus
89,44,70,137,58,6,136,49,18,146,168,273,166,78,10,3,186,187,van
102,54,106,221,68,11,207,32,24,164,228,638,238,71,0,26,189,200,saab
78,36,60,116,56,6,123,55,17,124,141,221,121,78,3,16,178,185,opel
91,42,66,169,66,7,145,44,19,140,169,325,159,67,4,0,201,207,bus
84,35,53,122,57,4,116,59,17,123,135,196,128,76,10,27,183,190,saab
103,46,106,209,66,10,203,33,23,149,217,612,210,70,9,10,191,199,saab
100,41,75,205,71,5,176,36,21,138,204,479,151,72,7,19,197,197,bus
91,42,81,193,69,5,169,38,20,137,184,434,156,68,3,23,198,204,bus
98,45,76,166,60,7,157,42,20,148,184,371,186,69,13,10,190,196,opel
101,51,105,212,68,10,209,32,24,162,222,653,224,73,5,23,186,195,opel
90,36,78,179,64,8,157,42,19,126,182,367,142,66,1,20,192,198,opel
97,48,94,198,63,9,181,36,21,155,200,494,189,64,20,11,199,203,opel
87,40,81,162,68,10,146,46,19,139,167,317,157,70,0,13,189,199,van
93,43,76,149,57,7,149,44,19,143,172,335,176,69,14,0,189,194,saab
107,55,98,199,59,7,240,27,26,168,258,866,245,80,3,1,186,184,bus
92,37,86,167,60,7,158,42,20,131,181,373,144,68,9,21,190,196,saab
86,43,66,130,56,7,152,44,19,142,177,340,173,81,6,14,181,185,bus
107,56,104,231,71,11,219,31,25,172,226,705,217,71,19,11,189,196,saab
82,44,72,150,64,7,154,44,19,144,181,350,177,80,0,16,183,187,bus
81,46,71,130,56,7,153,44,19,149,172,342,191,81,3,14,180,186,bus
82,44,72,136,61,7,147,46,19,143,173,317,183,81,6,17,181,185,bus
93,47,85,163,66,11,156,44,20,158,172,355,178,74,7,15,183,195,van
90,36,74,171,60,8,157,42,19,128,177,367,123,61,6,21,197,204,saab
111,54,103,171,50,11,221,30,25,172,227,727,201,69,15,6,190,198,opel
103,55,100,194,62,11,212,31,24,175,217,666,219,73,10,14,187,194,opel
89,40,58,137,58,7,122,54,17,140,146,225,150,63,7,4,199,206,van
87,47,81,149,62,9,147,45,19,152,171,325,181,72,0,6,188,198,van
92,46,79,176,64,8,162,41,20,149,183,396,178,67,2,10,191,198,opel
85,42,64,121,55,7,149,46,19,146,167,323,172,85,1,6,179,182,bus
86,46,70,149,65,8,149,45,19,146,170,331,185,77,6,6,183,188,bus
101,56,100,168,55,11,214,31,24,175,219,681,224,74,2,3,185,192,opel
94,39,89,194,62,9,172,38,21,135,191,444,121,63,4,23,201,209,opel
86,37,69,150,63,8,138,48,18,134,163,284,124,71,1,6,189,195,van
90,41,71,169,68,7,150,44,19,138,175,336,157,71,3,18,192,197,bus
104,49,89,168,54,4,212,31,24,153,238,682,198,78,1,23,190,189,bus
89,36,72,141,56,7,138,48,18,126,163,286,130,72,1,1,187,192,opel
90,39,86,169,62,7,162,41,20,131,194,388,147,74,1,22,185,191,opel
84,44,77,150,59,5,152,44,19,143,175,344,177,77,8,2,183,187,saab
104,57,103,216,69,11,219,30,25,176,228,708,219,73,4,3,186,196,opel
83,44,68,144,61,8,147,45,19,143,170,325,180,74,1,1,185,191,bus
85,39,57,126,56,6,114,58,17,135,134,195,145,64,17,7,197,202,van
99,55,101,206,62,13,222,30,25,180,225,722,213,71,2,3,186,196,opel
88,44,85,139,56,11,157,43,20,155,176,363,175,76,5,16,184,195,van
100,50,81,197,67,6,186,34,22,158,206,531,198,74,6,1,197,198,bus
81,44,72,139,60,6,153,44,19,146,180,347,178,81,1,15,182,186,bus
86,41,66,133,56,6,136,49,18,136,155,274,162,74,5,14,183,189,saab
93,41,79,159,63,8,144,46,19,150,165,309,134,67,4,9,195,203,van
107,54,98,210,66,11,218,31,24,169,221,704,216,71,14,0,188,197,saab
94,35,66,147,62,9,131,50,18,127,159,258,115,66,8,7,196,201,van
105,54,106,215,68,10,208,32,24,166,217,640,218,69,14,23,189,199,saab
86,41,64,148,61,5,150,45,19,138,165,333,173,80,5,8,182,185,saab
85,35,47,110,55,3,117,57,17,122,136,203,139,89,5,9,180,184,van
85,33,40,115,57,3,112,61,17,119,130,184,127,86,12,21,181,183,saab
81,44,68,120,53,6,151,45,19,147,170,333,178,86,4,5,179,183,bus
100,52,104,189,59,10,208,32,24,163,220,642,197,70,1,22,187,198,saab
93,42,64,158,68,9,134,49,18,142,163,268,170,71,7,13,192,201,van
90,48,78,134,56,11,160,43,20,167,169,366,185,76,1,14,182,192,van
96,37,74,199,74,5,165,39,20,128,188,419,136,72,1,3,196,200,bus
85,45,65,128,56,8,151,45,19,145,170,332,186,81,1,10,179,184,bus
100,55,101,189,57,10,222,30,25,177,225,731,211,71,7,17,188,197,opel
79,47,74,141,61,7,153,43,19,149,175,349,199,77,6,10,183,189,bus
89,36,77,172,62,8,157,42,19,125,174,367,126,63,5,22,198,205,opel
93,45,73,164,59,7,159,42,20,146,182,379,188,65,11,15,195,201,opel
85,42,59,132,58,7,149,46,19,144,166,320,172,83,8,4,179,182,bus
101,55,108,228,69,12,215,31,24,168,229,684,214,71,2,16,188,199,saab
85,47,75,121,53,9,157,44,20,165,168,358,176,77,1,7,182,191,van
93,41,75,124,51,7,140,49,18,141,164,284,149,77,5,15,184,185,van
95,36,73,191,73,6,156,41,19,126,184,374,124,71,2,19,199,204,bus
91,39,83,176,59,7,169,39,20,132,190,426,142,67,0,24,192,199,saab
103,55,103,211,65,11,212,31,24,165,229,673,249,72,5,16,188,196,opel
85,34,53,127,58,6,116,58,17,121,137,197,127,70,3,20,185,189,saab
95,38,66,126,52,8,133,52,18,140,158,253,140,78,11,8,184,183,van
104,58,103,230,69,11,219,30,25,176,231,716,246,71,7,4,187,196,opel
84,44,80,140,58,11,156,44,20,157,166,349,176,74,5,17,183,193,van
94,43,68,170,67,6,142,46,18,142,164,310,177,65,10,8,198,203,bus
93,47,85,161,65,12,155,43,19,157,179,354,178,76,2,9,184,196,van
112,50,110,186,56,11,214,31,24,159,232,676,203,71,18,27,191,202,saab
91,36,77,157,56,7,155,42,19,126,177,361,123,65,8,15,195,201,saab
92,43,69,158,56,7,149,44,19,143,170,333,168,63,14,18,198,203,opel
99,48,104,196,63,10,201,33,23,152,221,604,199,73,8,4,188,197,saab
98,58,101,208,65,12,226,30,25,182,225,748,216,71,6,1,185,196,opel
83,37,54,118,55,4,129,52,18,127,146,245,140,81,4,13,180,184,saab
91,39,88,189,63,9,175,38,21,132,197,457,156,69,0,23,191,198,saab
89,40,60,131,56,6,118,56,17,137,143,209,153,65,10,8,193,199,van
89,35,70,138,58,7,126,53,17,128,147,237,112,64,4,19,199,207,van
103,49,100,194,60,10,185,35,22,160,202,518,178,62,13,8,198,208,saab
80,45,71,128,56,7,151,45,19,147,171,337,176,79,3,16,181,187,bus
86,42,65,116,53,6,152,45,19,141,175,335,172,85,5,4,179,183,bus
100,46,81,187,61,9,166,40,20,154,189,415,175,63,13,9,198,207,saab
86,39,60,140,60,7,119,55,17,134,140,212,141,61,7,8,200,207,van
83,37,62,113,53,6,122,55,17,129,143,218,135,79,0,7,181,185,van
82,45,68,150,69,5,148,45,19,144,169,322,184,80,5,0,181,184,bus
93,47,88,200,66,7,173,38,21,151,197,452,205,66,0,3,195,202,saab
91,43,88,157,61,9,149,45,19,157,165,326,140,64,1,26,197,207,van
96,45,80,162,63,9,146,46,19,148,161,316,161,64,5,10,199,207,van
107,57,106,179,51,8,257,26,28,172,275,954,232,83,2,20,181,184,bus
87,44,70,179,75,6,146,45,19,141,167,326,178,69,6,1,194,201,bus
83,46,73,137,59,6,148,45,19,146,167,327,183,75,8,0,185,191,bus
86,41,66,129,55,7,135,50,18,136,154,266,165,74,3,4,180,187,opel
109,54,109,225,68,11,214,31,24,169,226,675,212,68,11,32,189,202,saab
94,37,73,186,71,7,154,42,19,127,171,362,132,67,2,8,197,206,bus
100,44,93,193,62,8,186,35,22,147,202,521,151,66,0,2,193,198,opel
82,43,73,154,65,7,151,44,19,143,178,341,160,76,5,11,185,189,bus
86,46,73,125,57,6,151,45,19,147,170,334,188,82,9,11,180,184,bus
116,53,110,231,67,12,217,31,24,165,231,692,222,67,16,28,192,206,saab
89,46,77,125,52,10,156,44,20,160,171,351,177,78,7,17,183,191,van
89,48,85,189,64,8,169,39,20,153,188,427,190,64,16,5,195,201,saab
83,41,70,155,65,7,144,46,19,141,168,309,147,71,4,12,188,195,bus
88,43,84,136,55,11,154,44,19,150,174,350,164,73,6,2,185,196,van
96,47,103,215,69,10,200,33,23,147,220,598,200,73,6,6,187,194,opel
88,37,57,132,62,6,135,50,18,125,151,265,144,83,16,16,180,184,saab
98,38,66,130,55,7,130,51,18,138,160,251,123,69,3,12,191,194,van
89,45,81,246,102,43,155,44,20,160,200,347,177,90,9,17,183,192,van
87,42,76,159,65,5,155,42,19,138,184,362,157,76,6,12,189,193,bus
93,36,63,139,57,8,132,50,18,136,158,260,121,67,3,27,193,201,van
109,55,102,169,51,6,241,27,26,165,265,870,247,84,10,11,184,183,bus
90,38,75,164,64,7,151,43,19,131,168,345,139,66,0,0,195,204,bus
98,52,86,207,69,5,192,33,22,161,212,570,221,75,4,6,194,195,bus
82,37,66,126,54,7,132,52,18,127,148,252,142,72,17,7,183,187,saab
91,40,98,192,64,9,177,38,21,135,194,465,165,66,9,35,195,205,saab
98,40,77,171,61,6,172,37,21,139,197,457,141,72,4,17,199,201,bus
106,53,98,193,60,10,215,31,24,169,224,681,218,73,8,21,188,197,saab
93,43,78,166,59,7,151,44,19,141,182,342,174,68,15,2,193,197,opel
94,37,72,193,72,6,158,41,19,133,184,385,127,70,0,14,200,204,bus
89,36,68,149,60,8,133,50,18,134,153,265,119,62,6,18,201,209,van
85,45,70,130,58,8,151,45,19,146,171,334,187,79,2,5,181,186,bus
86,45,73,152,63,6,149,44,19,145,170,335,176,71,6,1,189,196,bus
106,48,107,202,61,10,207,32,24,153,227,635,200,70,5,28,190,203,saab
107,52,103,186,57,11,214,31,24,162,217,676,189,66,6,5,189,198,opel
109,51,100,197,59,10,192,34,22,161,210,553,195,64,14,3,196,202,opel
109,48,107,215,62,10,205,32,23,158,222,624,168,65,9,32,195,206,opel
90,50,90,188,61,10,181,36,21,158,211,492,220,69,6,19,191,199,saab
93,45,83,142,56,10,157,43,20,155,180,364,188,75,1,21,184,197,van
82,41,70,155,64,7,148,45,19,138,172,328,152,72,5,17,187,195,bus
96,52,104,222,67,9,198,33,23,163,217,589,226,67,12,20,192,201,opel
90,42,63,126,55,7,152,45,19,142,173,336,173,81,0,15,180,184,bus
93,40,62,117,49,7,131,52,18,145,160,249,156,78,8,6,184,184,van
91,41,66,131,56,9,126,53,18,144,159,237,155,72,3,10,191,194,van
95,45,105,208,64,10,187,36,22,150,202,520,158,64,7,32,198,211,saab
89,37,51,111,54,5,120,56,17,127,138,213,147,82,7,4,181,183,van
102,51,92,194,60,6,220,30,25,162,247,731,209,80,7,7,188,186,bus
105,54,100,220,69,10,221,30,25,170,232,718,202,73,0,13,187,199,saab
113,57,109,194,56,6,260,26,28,175,288,982,261,85,11,21,182,183,bus
87,43,65,127,56,8,149,46,19,143,169,322,171,85,6,3,180,182,bus
98,51,96,203,66,10,188,35,22,157,207,533,231,68,10,1,191,199,saab
94,38,88,179,60,7,170,39,21,131,188,435,144,66,2,28,195,204,saab
82,44,63,123,54,7,151,45,19,147,166,329,185,81,3,4,179,182,bus
106,49,96,201,61,10,181,36,21,158,197,494,180,62,19,15,202,209,opel
89,44,82,136,54,6,149,45,19,144,170,332,168,68,10,14,188,193,opel
93,43,88,170,66,9,150,45,19,147,164,334,143,65,2,17,196,206,van
89,38,80,169,59,7,161,41,20,131,186,389,137,68,5,15,192,197,saab
98,44,78,160,63,8,142,47,18,148,160,300,171,63,19,2,201,207,van
104,52,96,188,59,9,188,35,22,161,206,530,205,67,11,8,193,200,opel
99,57,109,220,66,11,221,30,25,176,234,725,236,70,10,25,188,200,opel
86,42,65,125,54,7,150,45,19,140,171,327,172,85,2,8,180,182,bus
107,57,102,184,55,7,234,28,26,171,243,822,229,77,7,11,187,187,bus
109,54,103,205,63,11,222,30,25,175,229,720,213,71,6,14,187,200,saab
89,44,76,125,54,10,156,44,20,151,163,352,176,76,12,12,184,193,van
99,51,88,188,62,5,203,32,23,158,222,625,219,77,8,26,191,190,bus
97,45,91,161,63,10,151,45,19,148,166,334,171,65,18,20,197,205,van
87,41,73,158,64,7,151,44,19,138,175,341,152,73,3,8,190,194,bus
89,40,72,155,63,7,146,45,19,135,175,321,145,72,4,10,192,196,bus
86,40,75,146,62,6,140,48,18,135,158,290,162,72,3,21,183,190,opel
83,37,54,131,61,4,135,50,18,127,152,271,141,85,3,6,180,183,saab
102,54,101,190,58,10,222,30,25,171,224,728,203,71,13,6,189,198,opel
99,55,101,219,68,10,224,30,25,178,228,737,213,74,11,20,187,196,opel
101,54,106,188,57,7,236,28,26,164,256,833,253,81,6,14,185,185,bus
117,52,110,228,65,12,212,31,24,163,228,668,220,66,21,25,194,205,saab
88,44,77,167,59,6,151,44,19,145,175,343,177,64,9,12,202,208,opel
95,44,84,158,62,10,145,46,19,148,163,312,166,64,10,6,199,206,van
89,40,69,147,58,6,132,50,18,137,155,260,151,61,16,6,203,209,opel
97,46,101,210,66,8,192,35,22,151,208,546,169,66,1,32,191,200,opel
88,38,58,137,60,5,148,46,19,131,163,319,157,86,12,0,180,183,saab
91,46,78,148,61,9,147,45,19,152,168,323,199,70,13,11,189,200,van
81,47,69,146,64,6,151,44,19,147,171,340,195,75,5,0,183,188,bus
98,50,90,192,63,9,177,37,21,155,195,472,197,65,10,1,193,201,saab
93,42,88,188,62,10,183,36,21,141,208,504,168,70,3,12,189,197,opel
91,45,76,171,69,7,150,44,19,144,170,340,179,69,12,1,195,201,bus
109,49,109,193,59,10,207,32,24,156,225,635,213,70,13,31,191,202,saab
87,45,82,164,60,8,156,42,19,144,181,366,174,70,2,2,190,196,opel
100,49,96,206,63,9,186,35,22,156,202,519,176,62,3,5,197,205,opel
108,52,109,182,55,12,216,31,24,171,229,687,214,72,10,28,189,201,saab
101,46,105,195,61,10,198,34,23,150,213,578,195,66,7,38,192,205,saab
95,47,81,176,59,7,168,39,20,152,196,425,185,67,4,4,191,198,saab
89,47,85,147,58,10,153,44,19,151,175,349,186,74,13,7,186,197,van
87,45,77,153,59,7,154,44,19,145,181,350,172,75,15,14,184,189,opel
108,54,105,203,62,11,202,33,23,164,216,608,235,68,12,3,190,200,saab
90,47,85,149,60,10,155,43,19,155,179,355,186,75,1,5,185,196,van
82,37,59,134,63,7,135,51,18,128,151,264,143,82,11,24,179,185,saab
84,45,68,148,64,6,146,46,19,142,168,317,180,75,5,1,183,187,bus
89,47,81,156,57,8,161,41,20,149,187,388,197,72,9,15,187,193,opel
96,41,77,177,64,5,177,36,21,134,205,485,148,74,0,4,196,198,bus
97,45,72,187,71,5,161,40,20,144,178,399,186,70,7,7,196,203,bus
97,47,87,164,64,9,156,43,20,149,173,359,182,68,1,13,192,202,van
96,47,77,204,72,6,167,38,20,150,188,429,182,69,6,16,199,203,bus
87,36,53,117,58,4,118,57,17,125,138,205,138,85,9,15,180,183,van
109,52,95,189,58,4,227,29,25,158,262,776,217,82,0,19,187,186,bus
104,51,108,193,59,11,217,31,24,163,232,694,203,72,15,22,190,201,saab
87,37,60,132,57,6,128,52,18,129,154,243,132,71,1,14,186,192,saab
82,36,54,117,53,7,125,54,18,126,146,229,128,78,1,5,180,184,saab
105,56,98,209,64,11,217,31,24,173,225,696,216,72,2,19,188,199,opel
80,39,60,122,56,6,139,49,18,131,151,281,142,80,0,5,179,186,opel
106,54,100,227,67,4,250,27,27,162,280,923,262,88,5,11,182,182,bus
81,46,71,141,61,7,153,44,19,148,177,347,190,80,1,14,182,187,bus